rho_observed,ci_lower,ci_upper,p,n
0.9484004127966976,0.7694584107286997,0.9999999999999998,0.0,2000
